,true_RGB,RF_pred_RGB,HGBR_pred_RGB,NN_pred_RGB
427,"[238, 194, 187]","[238, 189, 180]","[237, 189, 181]","[232, 184, 170]"
1125,"[236, 184, 174]","[236, 190, 189]","[237, 191, 175]","[226, 178, 174]"
367,"[243, 205, 202]","[233, 201, 207]","[231, 204, 208]","[252, 231, 223]"
1830,"[221, 153, 141]","[234, 181, 168]","[237, 182, 166]","[232, 170, 163]"
350,"[236, 187, 168]","[235, 179, 169]","[237, 180, 167]","[236, 196, 184]"
859,"[238, 215, 226]","[237, 214, 224]","[238, 210, 221]","[232, 209, 216]"
1000,"[236, 184, 174]","[235, 189, 182]","[239, 194, 177]","[242, 196, 189]"
1302,"[208, 144, 145]","[208, 144, 145]","[208, 143, 146]","[213, 148, 151]"
649,"[231, 224, 233]","[232, 210, 220]","[234, 215, 224]","[227, 215, 219]"
290,"[224, 196, 204]","[236, 214, 218]","[234, 210, 224]","[235, 206, 212]"
2181,"[227, 236, 240]","[232, 230, 222]","[230, 230, 225]","[229, 224, 231]"
2180,"[235, 179, 176]","[235, 184, 180]","[236, 182, 180]","[226, 174, 168]"
1755,"[234, 200, 217]","[222, 186, 195]","[223, 186, 201]","[217, 179, 193]"
1945,"[243, 205, 202]","[237, 199, 199]","[240, 200, 203]","[233, 195, 189]"
259,"[244, 230, 210]","[237, 221, 211]","[238, 221, 211]","[232, 218, 214]"
1378,"[244, 230, 210]","[238, 221, 202]","[238, 223, 200]","[241, 213, 195]"
1234,"[166, 71, 64]","[203, 122, 108]","[193, 110, 96]","[204, 103, 93]"
420,"[223, 196, 216]","[225, 191, 206]","[226, 199, 204]","[226, 201, 215]"
1512,"[236, 187, 168]","[236, 200, 193]","[238, 201, 194]","[221, 178, 170]"
354,"[241, 208, 207]","[240, 209, 209]","[241, 207, 207]","[238, 208, 207]"
1900,"[221, 153, 141]","[219, 152, 140]","[218, 151, 137]","[224, 159, 142]"
1120,"[208, 144, 145]","[221, 160, 164]","[222, 156, 158]","[216, 152, 154]"
1255,"[222, 158, 133]","[222, 157, 134]","[223, 156, 135]","[223, 154, 133]"
1936,"[242, 201, 186]","[233, 195, 204]","[236, 199, 194]","[242, 204, 200]"
281,"[247, 238, 234]","[239, 236, 235]","[240, 234, 237]","[243, 235, 230]"
1554,"[236, 187, 168]","[236, 186, 169]","[237, 187, 170]","[234, 190, 178]"
1053,"[235, 179, 176]","[235, 180, 176]","[236, 181, 175]","[230, 179, 172]"
596,"[218, 189, 214]","[229, 195, 201]","[232, 196, 209]","[238, 206, 228]"
808,"[243, 205, 202]","[236, 197, 200]","[238, 196, 196]","[240, 200, 198]"
29,"[209, 195, 219]","[210, 195, 220]","[212, 199, 221]","[211, 198, 215]"
1754,"[200, 99, 97]","[192, 88, 84]","[183, 84, 80]","[187, 85, 85]"
485,"[218, 189, 214]","[218, 189, 214]","[220, 191, 213]","[217, 189, 208]"
480,"[241, 217, 211]","[239, 215, 211]","[240, 215, 212]","[237, 208, 209]"
1762,"[232, 216, 189]","[232, 214, 198]","[235, 214, 203]","[226, 209, 205]"
1650,"[239, 220, 222]","[236, 217, 215]","[241, 217, 210]","[230, 210, 210]"
2157,"[234, 232, 225]","[232, 229, 230]","[234, 232, 230]","[230, 223, 228]"
426,"[234, 168, 168]","[226, 167, 169]","[228, 170, 167]","[218, 163, 162]"
781,"[249, 231, 215]","[236, 199, 183]","[234, 205, 186]","[233, 203, 189]"
2107,"[208, 144, 145]","[224, 173, 172]","[220, 174, 174]","[232, 177, 175]"
2042,"[238, 215, 226]","[237, 204, 219]","[238, 208, 218]","[230, 208, 215]"
1931,"[239, 174, 167]","[237, 185, 181]","[235, 178, 170]","[230, 168, 160]"
555,"[221, 229, 230]","[226, 225, 218]","[228, 227, 228]","[226, 225, 224]"
1845,"[238, 194, 187]","[238, 212, 198]","[244, 213, 194]","[238, 203, 187]"
168,"[221, 153, 141]","[222, 155, 140]","[220, 155, 139]","[225, 155, 139]"
1383,"[227, 209, 223]","[230, 212, 225]","[230, 212, 229]","[222, 216, 227]"
2192,"[224, 196, 204]","[230, 215, 211]","[239, 217, 221]","[243, 233, 242]"
1628,"[235, 179, 176]","[236, 181, 177]","[237, 182, 180]","[237, 183, 171]"
1808,"[249, 231, 215]","[248, 231, 215]","[246, 230, 218]","[243, 227, 216]"
1657,"[249, 231, 215]","[239, 230, 219]","[242, 232, 221]","[256, 245, 237]"
111,"[227, 209, 223]","[228, 209, 223]","[224, 211, 222]","[236, 224, 235]"
231,"[235, 179, 176]","[234, 173, 166]","[229, 172, 169]","[244, 180, 170]"
1828,"[221, 138, 137]","[221, 139, 138]","[221, 139, 138]","[218, 139, 136]"
1071,"[236, 184, 174]","[233, 192, 189]","[237, 197, 188]","[222, 186, 187]"
1973,"[242, 201, 186]","[236, 198, 184]","[237, 194, 183]","[238, 200, 185]"
529,"[217, 136, 131]","[211, 155, 139]","[206, 142, 131]","[222, 142, 135]"
552,"[188, 123, 126]","[189, 123, 126]","[186, 120, 126]","[184, 123, 133]"
941,"[231, 181, 189]","[231, 183, 189]","[233, 186, 191]","[226, 181, 189]"
1668,"[208, 144, 145]","[209, 145, 141]","[209, 142, 141]","[210, 139, 137]"
1068,"[239, 174, 167]","[232, 170, 158]","[234, 159, 158]","[236, 172, 168]"
744,"[221, 138, 137]","[221, 139, 138]","[221, 137, 138]","[218, 138, 135]"
1202,"[218, 189, 214]","[232, 200, 213]","[228, 197, 212]","[217, 192, 209]"
196,"[233, 165, 140]","[230, 168, 144]","[230, 162, 144]","[235, 167, 149]"
2153,"[207, 131, 116]","[220, 138, 133]","[218, 136, 130]","[212, 139, 131]"
2165,"[249, 217, 208]","[246, 221, 225]","[245, 218, 219]","[232, 217, 218]"
416,"[221, 229, 230]","[232, 226, 218]","[231, 225, 226]","[230, 244, 246]"
1972,"[208, 144, 145]","[208, 144, 145]","[208, 142, 144]","[216, 152, 155]"
561,"[203, 152, 178]","[229, 166, 192]","[225, 173, 198]","[222, 176, 192]"
96,"[223, 196, 216]","[231, 206, 202]","[239, 216, 202]","[223, 192, 199]"
548,"[239, 220, 222]","[239, 219, 221]","[238, 219, 221]","[231, 213, 217]"
179,"[239, 220, 222]","[237, 218, 221]","[235, 218, 220]","[232, 214, 214]"
1084,"[231, 224, 233]","[228, 217, 224]","[230, 225, 230]","[238, 226, 228]"
1040,"[242, 201, 186]","[236, 196, 199]","[241, 200, 194]","[213, 191, 196]"
1639,"[218, 189, 214]","[217, 189, 214]","[219, 191, 215]","[216, 187, 206]"
994,"[239, 184, 184]","[238, 184, 184]","[237, 183, 181]","[236, 182, 173]"
993,"[217, 136, 131]","[221, 164, 163]","[220, 157, 152]","[226, 142, 133]"
1471,"[239, 174, 167]","[232, 166, 152]","[230, 161, 143]","[220, 163, 159]"
1588,"[247, 238, 234]","[238, 227, 226]","[238, 226, 225]","[234, 228, 231]"
1985,"[238, 194, 187]","[238, 193, 187]","[238, 191, 185]","[235, 191, 178]"
324,"[227, 209, 223]","[226, 204, 219]","[227, 208, 227]","[242, 224, 228]"
1176,"[233, 165, 140]","[229, 161, 139]","[227, 159, 139]","[228, 163, 143]"
651,"[224, 196, 204]","[236, 214, 218]","[234, 213, 226]","[235, 206, 212]"
1716,"[236, 184, 174]","[236, 185, 175]","[237, 187, 179]","[234, 191, 178]"
73,"[217, 136, 131]","[217, 137, 130]","[217, 134, 131]","[210, 128, 118]"
2119,"[241, 217, 211]","[238, 211, 215]","[237, 213, 212]","[232, 209, 206]"
904,"[234, 200, 217]","[209, 131, 118]","[208, 132, 128]","[223, 160, 158]"
383,"[217, 136, 131]","[218, 136, 130]","[218, 135, 129]","[223, 134, 129]"
931,"[242, 201, 186]","[241, 200, 187]","[240, 204, 189]","[238, 205, 191]"
184,"[188, 123, 126]","[202, 120, 116]","[193, 109, 115]","[186, 123, 121]"
410,"[233, 165, 140]","[231, 162, 142]","[234, 161, 149]","[229, 166, 144]"
233,"[238, 215, 226]","[228, 201, 212]","[227, 206, 217]","[236, 206, 219]"
100,"[236, 187, 168]","[237, 188, 172]","[237, 187, 180]","[236, 185, 166]"
433,"[224, 196, 204]","[236, 214, 219]","[234, 212, 226]","[235, 206, 212]"
812,"[238, 215, 226]","[237, 214, 225]","[233, 212, 225]","[236, 205, 210]"
409,"[238, 215, 226]","[233, 192, 201]","[236, 202, 211]","[217, 192, 199]"
1376,"[233, 165, 140]","[233, 168, 146]","[234, 165, 147]","[237, 167, 148]"
944,"[236, 184, 174]","[236, 184, 173]","[236, 180, 167]","[235, 180, 166]"
1338,"[236, 187, 168]","[236, 186, 170]","[239, 188, 175]","[234, 184, 166]"
2126,"[227, 209, 223]","[227, 209, 223]","[227, 209, 221]","[235, 224, 235]"
532,"[235, 189, 190]","[235, 187, 190]","[236, 188, 189]","[227, 187, 192]"
694,"[233, 165, 140]","[236, 183, 164]","[237, 177, 155]","[223, 159, 144]"
816,"[239, 220, 222]","[239, 210, 214]","[238, 217, 216]","[241, 212, 204]"
70,"[221, 153, 141]","[221, 155, 140]","[222, 158, 138]","[218, 149, 136]"
1270,"[239, 220, 222]","[234, 207, 214]","[238, 214, 218]","[230, 206, 201]"
2001,"[221, 229, 230]","[227, 209, 215]","[224, 211, 216]","[223, 220, 222]"
1649,"[231, 224, 233]","[225, 193, 189]","[223, 194, 199]","[230, 191, 189]"
926,"[223, 196, 216]","[224, 196, 214]","[222, 192, 211]","[222, 188, 200]"
1387,"[236, 184, 174]","[236, 184, 174]","[235, 186, 171]","[235, 188, 178]"
1086,"[249, 231, 215]","[247, 229, 216]","[247, 228, 212]","[242, 217, 202]"
1737,"[236, 184, 174]","[236, 185, 175]","[237, 186, 177]","[238, 189, 180]"
1540,"[233, 165, 140]","[233, 170, 153]","[235, 167, 151]","[245, 178, 156]"
303,"[239, 174, 167]","[238, 178, 174]","[239, 181, 175]","[240, 169, 167]"
836,"[217, 136, 131]","[218, 142, 146]","[219, 143, 149]","[218, 136, 133]"
251,"[239, 174, 167]","[230, 172, 167]","[229, 166, 172]","[224, 164, 162]"
1772,"[242, 201, 186]","[237, 195, 187]","[239, 202, 192]","[236, 199, 185]"
1749,"[207, 131, 116]","[215, 137, 122]","[207, 132, 117]","[224, 143, 138]"
289,"[244, 230, 210]","[244, 227, 210]","[244, 225, 210]","[234, 217, 203]"
109,"[227, 236, 240]","[234, 225, 218]","[231, 225, 228]","[225, 215, 213]"
1827,"[234, 200, 217]","[233, 200, 217]","[233, 199, 213]","[222, 190, 207]"
2145,"[247, 238, 234]","[245, 229, 222]","[248, 226, 220]","[251, 235, 228]"
67,"[227, 236, 240]","[235, 220, 208]","[239, 233, 215]","[263, 270, 243]"
1043,"[236, 184, 174]","[234, 194, 194]","[232, 199, 198]","[232, 199, 191]"
432,"[238, 215, 226]","[232, 202, 215]","[232, 213, 230]","[226, 205, 210]"
719,"[242, 201, 186]","[242, 200, 186]","[239, 196, 183]","[236, 197, 182]"
1457,"[218, 189, 214]","[217, 185, 209]","[218, 186, 210]","[219, 191, 217]"
861,"[241, 208, 207]","[240, 208, 209]","[239, 205, 205]","[232, 201, 200]"
1746,"[234, 168, 168]","[230, 187, 184]","[231, 179, 180]","[224, 171, 171]"
1165,"[208, 144, 145]","[214, 147, 156]","[217, 153, 163]","[215, 154, 157]"
134,"[221, 153, 141]","[221, 154, 141]","[223, 155, 141]","[221, 154, 142]"
680,"[197, 144, 152]","[185, 98, 90]","[183, 95, 94]","[217, 154, 145]"
840,"[238, 215, 226]","[229, 181, 172]","[228, 193, 179]","[214, 200, 204]"
1967,"[247, 238, 234]","[239, 236, 235]","[240, 234, 237]","[243, 235, 230]"
351,"[233, 165, 140]","[224, 164, 142]","[228, 163, 141]","[238, 168, 147]"
1694,"[227, 236, 240]","[228, 235, 237]","[224, 235, 235]","[231, 241, 244]"
306,"[238, 215, 226]","[235, 204, 210]","[238, 213, 220]","[220, 183, 184]"
1521,"[222, 158, 133]","[229, 169, 153]","[230, 170, 148]","[224, 163, 143]"
892,"[218, 130, 131]","[214, 138, 137]","[207, 128, 121]","[212, 143, 137]"
865,"[235, 179, 176]","[237, 185, 179]","[237, 184, 176]","[237, 178, 166]"
650,"[236, 184, 174]","[227, 188, 186]","[230, 191, 188]","[217, 180, 180]"
1586,"[239, 174, 167]","[231, 162, 153]","[229, 165, 156]","[218, 165, 164]"
1453,"[239, 174, 167]","[238, 172, 164]","[238, 175, 167]","[223, 153, 151]"
1284,"[227, 209, 223]","[230, 206, 213]","[226, 202, 220]","[247, 224, 223]"
2099,"[249, 217, 208]","[231, 196, 202]","[232, 208, 219]","[222, 190, 192]"
2116,"[222, 158, 133]","[233, 177, 159]","[236, 178, 159]","[236, 180, 168]"
1332,"[231, 181, 189]","[224, 181, 186]","[229, 180, 186]","[218, 166, 174]"
1813,"[221, 153, 141]","[208, 160, 163]","[211, 161, 155]","[228, 155, 152]"
135,"[233, 165, 140]","[230, 165, 140]","[228, 164, 141]","[235, 168, 146]"
1874,"[227, 236, 240]","[229, 214, 204]","[232, 219, 200]","[230, 198, 200]"
2186,"[221, 138, 137]","[221, 146, 146]","[219, 137, 139]","[215, 150, 146]"
353,"[249, 217, 208]","[246, 214, 206]","[244, 210, 208]","[232, 202, 207]"
1531,"[241, 217, 211]","[238, 215, 212]","[235, 213, 215]","[236, 214, 210]"
1403,"[249, 231, 215]","[230, 220, 207]","[232, 223, 209]","[224, 190, 189]"
1058,"[239, 184, 184]","[238, 184, 182]","[238, 184, 183]","[239, 187, 182]"
368,"[241, 217, 211]","[238, 212, 211]","[239, 215, 216]","[227, 214, 215]"
786,"[228, 213, 207]","[228, 212, 207]","[228, 213, 212]","[231, 213, 205]"
1385,"[227, 209, 223]","[228, 204, 208]","[234, 210, 210]","[240, 203, 207]"
1928,"[236, 187, 168]","[237, 189, 179]","[239, 192, 177]","[239, 189, 170]"
1404,"[241, 208, 207]","[231, 199, 202]","[236, 202, 198]","[235, 196, 195]"
1435,"[244, 230, 210]","[241, 227, 208]","[241, 228, 204]","[238, 226, 210]"
128,"[238, 194, 187]","[236, 195, 193]","[235, 197, 195]","[232, 198, 198]"
1352,"[223, 196, 216]","[232, 208, 209]","[233, 211, 219]","[230, 214, 221]"
218,"[217, 136, 131]","[215, 136, 129]","[213, 139, 127]","[220, 138, 131]"
275,"[239, 220, 222]","[236, 218, 221]","[236, 221, 220]","[232, 214, 215]"
715,"[235, 179, 176]","[236, 180, 176]","[237, 181, 176]","[235, 183, 173]"
1814,"[244, 230, 210]","[242, 230, 219]","[244, 228, 223]","[238, 227, 216]"
51,"[239, 220, 222]","[237, 219, 221]","[238, 218, 224]","[233, 217, 218]"
1835,"[231, 224, 233]","[236, 213, 215]","[238, 217, 217]","[231, 211, 216]"
674,"[236, 187, 168]","[234, 186, 175]","[237, 186, 173]","[241, 181, 166]"
1351,"[200, 99, 97]","[183, 86, 82]","[181, 85, 81]","[187, 84, 83]"
1036,"[207, 131, 116]","[208, 132, 117]","[208, 133, 118]","[214, 140, 130]"
254,"[238, 215, 226]","[227, 212, 216]","[233, 203, 217]","[237, 198, 199]"
1480,"[236, 187, 168]","[237, 188, 172]","[237, 187, 180]","[236, 185, 166]"
1368,"[233, 165, 140]","[223, 177, 157]","[226, 187, 169]","[237, 182, 167]"
721,"[239, 184, 184]","[233, 174, 154]","[234, 172, 159]","[214, 165, 160]"
479,"[224, 196, 204]","[235, 210, 198]","[237, 212, 199]","[246, 209, 198]"
321,"[247, 238, 234]","[237, 206, 209]","[238, 207, 199]","[242, 220, 216]"
2140,"[243, 205, 202]","[234, 194, 202]","[233, 195, 204]","[241, 204, 201]"
1405,"[228, 213, 207]","[234, 199, 195]","[234, 205, 199]","[224, 186, 184]"
1316,"[223, 196, 216]","[231, 205, 205]","[233, 200, 207]","[250, 217, 215]"
1742,"[221, 153, 141]","[224, 166, 143]","[223, 157, 143]","[220, 147, 136]"
332,"[239, 174, 167]","[206, 127, 118]","[201, 121, 113]","[199, 129, 119]"
668,"[236, 187, 168]","[236, 188, 170]","[237, 188, 171]","[240, 195, 175]"
387,"[222, 158, 133]","[223, 158, 135]","[223, 155, 132]","[228, 161, 143]"
2081,"[221, 229, 230]","[222, 226, 230]","[222, 227, 227]","[227, 225, 225]"
1041,"[208, 144, 145]","[208, 144, 144]","[208, 143, 145]","[215, 148, 150]"
1641,"[242, 201, 186]","[241, 200, 186]","[239, 203, 184]","[246, 206, 188]"
307,"[236, 187, 168]","[237, 184, 172]","[237, 184, 168]","[237, 190, 173]"
819,"[218, 147, 155]","[220, 161, 163]","[222, 162, 164]","[213, 156, 161]"
1005,"[221, 138, 137]","[216, 138, 142]","[215, 138, 143]","[214, 150, 148]"
1556,"[221, 138, 137]","[221, 140, 137]","[222, 139, 136]","[214, 142, 140]"
538,"[234, 168, 168]","[232, 168, 168]","[232, 169, 168]","[218, 168, 167]"
617,"[231, 181, 189]","[231, 188, 194]","[228, 182, 192]","[245, 200, 207]"
1935,"[239, 184, 184]","[222, 169, 166]","[224, 168, 180]","[222, 143, 150]"
937,"[227, 209, 223]","[229, 211, 223]","[230, 210, 228]","[222, 217, 229]"
585,"[222, 158, 133]","[223, 154, 142]","[220, 153, 122]","[219, 131, 109]"
495,"[238, 194, 187]","[237, 196, 186]","[237, 194, 184]","[239, 194, 187]"
188,"[238, 215, 226]","[235, 221, 228]","[238, 225, 228]","[235, 218, 227]"
1269,"[249, 217, 208]","[236, 208, 206]","[235, 204, 205]","[232, 201, 205]"
695,"[238, 194, 187]","[237, 191, 181]","[236, 191, 177]","[241, 193, 178]"
1094,"[234, 168, 168]","[219, 151, 155]","[216, 149, 154]","[214, 153, 157]"
1545,"[236, 187, 168]","[237, 188, 172]","[237, 187, 180]","[236, 185, 166]"
1266,"[242, 201, 186]","[241, 200, 186]","[241, 199, 188]","[241, 210, 196]"
755,"[244, 230, 210]","[243, 229, 212]","[245, 226, 217]","[237, 218, 205]"
514,"[205, 164, 175]","[229, 192, 204]","[227, 173, 194]","[235, 179, 186]"
48,"[223, 196, 216]","[236, 202, 219]","[233, 211, 225]","[225, 203, 209]"
2004,"[235, 179, 176]","[236, 181, 177]","[237, 182, 180]","[238, 183, 172]"
1670,"[231, 224, 233]","[229, 210, 209]","[230, 206, 221]","[239, 221, 227]"
618,"[218, 189, 214]","[217, 188, 209]","[219, 185, 213]","[226, 190, 211]"
929,"[238, 215, 226]","[237, 214, 225]","[235, 213, 223]","[239, 210, 219]"
630,"[238, 194, 187]","[238, 194, 187]","[238, 195, 189]","[238, 199, 195]"
120,"[227, 209, 223]","[234, 202, 206]","[237, 203, 207]","[235, 202, 208]"
247,"[244, 230, 210]","[243, 230, 212]","[244, 232, 211]","[238, 223, 211]"
211,"[236, 184, 174]","[235, 189, 186]","[238, 189, 183]","[235, 192, 188]"
1848,"[239, 220, 222]","[232, 210, 217]","[236, 218, 219]","[232, 210, 210]"
1708,"[238, 194, 187]","[238, 193, 186]","[238, 194, 184]","[238, 198, 188]"
56,"[233, 165, 140]","[233, 175, 164]","[234, 173, 158]","[220, 165, 152]"
528,"[238, 194, 187]","[205, 130, 148]","[211, 146, 136]","[237, 181, 169]"
240,"[222, 158, 133]","[222, 156, 133]","[221, 156, 133]","[213, 144, 124]"
1910,"[239, 184, 184]","[238, 184, 182]","[237, 186, 182]","[235, 182, 172]"
1454,"[188, 123, 126]","[200, 137, 133]","[194, 125, 138]","[191, 133, 148]"
2035,"[223, 196, 216]","[225, 200, 216]","[229, 204, 222]","[238, 212, 228]"
1179,"[222, 158, 133]","[226, 157, 140]","[226, 163, 141]","[217, 160, 143]"
1178,"[238, 194, 187]","[238, 192, 186]","[236, 192, 184]","[233, 199, 194]"
282,"[227, 209, 223]","[229, 210, 223]","[230, 209, 222]","[235, 208, 216]"
1703,"[249, 217, 208]","[239, 215, 219]","[238, 218, 216]","[233, 206, 203]"
741,"[239, 174, 167]","[236, 183, 174]","[236, 186, 179]","[238, 182, 177]"
1304,"[218, 130, 131]","[214, 128, 131]","[212, 123, 128]","[203, 117, 123]"
2059,"[234, 200, 217]","[231, 209, 212]","[229, 212, 221]","[233, 214, 217]"
297,"[222, 158, 133]","[219, 157, 135]","[221, 156, 135]","[210, 141, 124]"
1877,"[228, 213, 207]","[232, 203, 211]","[236, 219, 223]","[219, 202, 208]"
1674,"[239, 220, 222]","[237, 218, 221]","[235, 217, 220]","[231, 214, 214]"
1543,"[249, 217, 208]","[238, 201, 193]","[238, 200, 195]","[240, 209, 199]"
482,"[166, 71, 64]","[197, 115, 112]","[204, 110, 99]","[205, 131, 118]"
1231,"[227, 209, 223]","[231, 209, 213]","[232, 216, 214]","[229, 218, 226]"
2106,"[222, 158, 133]","[223, 159, 134]","[223, 159, 137]","[229, 163, 141]"
1422,"[221, 153, 141]","[227, 160, 144]","[228, 157, 141]","[233, 163, 152]"
916,"[234, 200, 217]","[231, 196, 211]","[228, 192, 214]","[217, 180, 195]"
1684,"[207, 131, 116]","[206, 133, 116]","[204, 129, 115]","[210, 132, 120]"
44,"[207, 131, 116]","[218, 166, 126]","[217, 157, 131]","[225, 151, 136]"
2121,"[235, 189, 190]","[237, 186, 177]","[238, 187, 180]","[232, 181, 175]"
1680,"[238, 194, 187]","[235, 202, 193]","[233, 196, 180]","[226, 187, 181]"
746,"[236, 184, 174]","[237, 189, 179]","[235, 191, 178]","[236, 188, 175]"
1784,"[234, 232, 225]","[234, 230, 222]","[233, 230, 222]","[235, 229, 223]"
192,"[217, 136, 131]","[216, 137, 131]","[216, 133, 131]","[210, 128, 118]"
2007,"[243, 205, 202]","[242, 205, 202]","[242, 204, 201]","[231, 199, 198]"
764,"[228, 213, 207]","[230, 210, 208]","[230, 212, 213]","[231, 218, 212]"
1776,"[217, 136, 131]","[215, 134, 125]","[214, 133, 123]","[217, 134, 126]"
1605,"[242, 201, 186]","[236, 201, 212]","[234, 212, 218]","[246, 233, 230]"
1244,"[166, 71, 64]","[207, 113, 106]","[195, 108, 108]","[196, 106, 96]"
610,"[227, 209, 223]","[233, 212, 219]","[229, 208, 217]","[232, 211, 221]"
564,"[209, 195, 219]","[232, 200, 198]","[232, 203, 210]","[228, 208, 215]"
1465,"[236, 187, 168]","[233, 202, 195]","[240, 203, 198]","[232, 186, 184]"
69,"[238, 194, 187]","[237, 194, 186]","[238, 194, 187]","[233, 195, 194]"
686,"[224, 196, 204]","[229, 200, 205]","[231, 205, 208]","[234, 207, 208]"
471,"[227, 236, 240]","[227, 236, 239]","[227, 234, 238]","[238, 240, 242]"
1795,"[236, 187, 168]","[234, 189, 183]","[237, 190, 182]","[234, 189, 180]"
408,"[205, 164, 175]","[212, 163, 173]","[209, 161, 177]","[220, 167, 176]"
230,"[239, 220, 222]","[239, 218, 221]","[237, 221, 219]","[238, 215, 211]"
543,"[239, 184, 184]","[236, 188, 184]","[236, 187, 185]","[236, 181, 174]"
602,"[247, 238, 234]","[239, 235, 235]","[240, 234, 236]","[243, 234, 229]"
406,"[221, 138, 137]","[218, 154, 160]","[221, 160, 167]","[233, 173, 172]"
361,"[234, 200, 217]","[227, 189, 210]","[229, 188, 208]","[227, 188, 204]"
1164,"[242, 201, 186]","[238, 195, 185]","[236, 194, 189]","[233, 201, 192]"
1997,"[234, 232, 225]","[234, 233, 226]","[237, 232, 230]","[237, 238, 235]"
239,"[231, 224, 233]","[231, 222, 230]","[234, 224, 230]","[247, 242, 244]"
99,"[247, 238, 234]","[231, 223, 203]","[239, 237, 223]","[248, 247, 243]"
1298,"[236, 187, 168]","[234, 207, 183]","[238, 211, 192]","[242, 195, 177]"
1022,"[234, 232, 225]","[231, 227, 219]","[234, 234, 229]","[234, 237, 237]"
1723,"[227, 209, 223]","[233, 211, 215]","[233, 207, 214]","[229, 201, 206]"
2170,"[239, 174, 167]","[238, 174, 167]","[239, 174, 164]","[228, 160, 146]"
1763,"[236, 187, 168]","[236, 186, 174]","[236, 190, 170]","[233, 189, 179]"
1089,"[239, 220, 222]","[232, 210, 217]","[236, 217, 219]","[232, 210, 210]"
298,"[238, 194, 187]","[237, 187, 187]","[239, 185, 184]","[234, 194, 194]"
1883,"[224, 196, 204]","[238, 206, 215]","[240, 206, 219]","[236, 207, 210]"
124,"[231, 181, 189]","[231, 183, 190]","[233, 181, 190]","[240, 190, 196]"
1821,"[235, 179, 176]","[234, 176, 166]","[232, 174, 169]","[241, 175, 159]"
185,"[231, 224, 233]","[234, 217, 216]","[237, 228, 230]","[226, 199, 208]"
1847,"[234, 168, 168]","[221, 142, 142]","[221, 141, 143]","[219, 161, 160]"
342,"[232, 216, 189]","[232, 215, 195]","[233, 217, 191]","[231, 218, 205]"
65,"[241, 208, 207]","[239, 216, 205]","[241, 211, 207]","[236, 203, 204]"
1962,"[205, 164, 175]","[220, 176, 185]","[219, 181, 189]","[220, 170, 180]"
1395,"[223, 196, 216]","[228, 209, 217]","[233, 208, 219]","[240, 218, 221]"
1971,"[166, 71, 64]","[166, 71, 64]","[170, 72, 66]","[178, 86, 69]"
1401,"[239, 174, 167]","[231, 179, 176]","[233, 181, 174]","[240, 175, 178]"
939,"[235, 189, 190]","[233, 187, 187]","[227, 176, 184]","[238, 194, 192]"
1551,"[239, 220, 222]","[229, 207, 213]","[229, 213, 218]","[221, 181, 182]"
1223,"[234, 168, 168]","[228, 156, 145]","[224, 146, 149]","[218, 160, 158]"
705,"[217, 136, 131]","[218, 134, 128]","[216, 133, 125]","[221, 131, 123]"
620,"[238, 215, 226]","[236, 207, 211]","[235, 205, 211]","[240, 206, 208]"
2044,"[224, 196, 204]","[235, 189, 186]","[236, 198, 191]","[227, 196, 200]"
905,"[243, 205, 202]","[231, 214, 212]","[238, 218, 220]","[232, 224, 235]"
1061,"[239, 220, 222]","[233, 212, 206]","[236, 211, 213]","[230, 211, 211]"
1809,"[200, 99, 97]","[190, 88, 83]","[184, 84, 83]","[187, 85, 85]"
212,"[234, 168, 168]","[235, 173, 177]","[233, 180, 174]","[214, 165, 171]"
2098,"[242, 201, 186]","[234, 178, 159]","[230, 177, 173]","[225, 192, 180]"
430,"[221, 153, 141]","[223, 147, 131]","[221, 142, 132]","[213, 131, 120]"
1645,"[208, 144, 145]","[225, 161, 151]","[223, 157, 137]","[232, 171, 173]"
1220,"[238, 215, 226]","[236, 213, 223]","[238, 209, 221]","[231, 209, 216]"
535,"[249, 231, 215]","[244, 228, 217]","[244, 224, 217]","[250, 215, 201]"
1885,"[234, 168, 168]","[227, 163, 164]","[234, 167, 156]","[214, 162, 160]"
881,"[200, 99, 97]","[189, 87, 84]","[183, 85, 80]","[187, 84, 85]"
707,"[238, 215, 226]","[238, 206, 220]","[237, 208, 218]","[230, 209, 216]"
1786,"[205, 164, 175]","[210, 165, 183]","[208, 161, 176]","[226, 170, 186]"
210,"[166, 71, 64]","[166, 71, 64]","[166, 72, 64]","[182, 90, 75]"
1413,"[221, 229, 230]","[225, 184, 188]","[225, 192, 184]","[224, 184, 182]"
299,"[239, 184, 184]","[222, 185, 205]","[220, 185, 217]","[229, 167, 191]"
1978,"[236, 184, 174]","[233, 185, 176]","[232, 183, 171]","[234, 186, 176]"
932,"[234, 232, 225]","[229, 216, 210]","[225, 216, 207]","[233, 216, 210]"
900,"[238, 194, 187]","[235, 186, 180]","[238, 190, 182]","[233, 189, 179]"
220,"[221, 138, 137]","[221, 139, 138]","[224, 139, 138]","[215, 143, 140]"
1994,"[239, 174, 167]","[238, 177, 175]","[239, 181, 175]","[241, 169, 167]"
237,"[236, 187, 168]","[233, 186, 165]","[230, 178, 161]","[245, 201, 192]"
1915,"[242, 201, 186]","[230, 216, 214]","[231, 210, 216]","[234, 203, 203]"
1700,"[235, 179, 176]","[235, 180, 176]","[237, 182, 175]","[229, 180, 179]"
1609,"[236, 187, 168]","[237, 188, 170]","[238, 190, 173]","[238, 194, 174]"
634,"[239, 184, 184]","[236, 186, 179]","[237, 187, 181]","[236, 183, 173]"
382,"[221, 229, 230]","[223, 230, 230]","[221, 230, 231]","[234, 231, 234]"
990,"[205, 164, 175]","[206, 161, 178]","[208, 163, 183]","[213, 165, 175]"
1428,"[236, 187, 168]","[236, 186, 176]","[237, 189, 176]","[234, 181, 166]"
965,"[223, 196, 216]","[234, 212, 212]","[231, 215, 215]","[231, 210, 220]"
2063,"[218, 189, 214]","[219, 187, 211]","[217, 186, 209]","[216, 184, 206]"
13,"[236, 187, 168]","[237, 199, 177]","[238, 201, 177]","[244, 198, 177]"
1790,"[222, 158, 133]","[225, 173, 154]","[226, 177, 156]","[237, 181, 165]"
296,"[236, 187, 168]","[236, 188, 171]","[237, 188, 174]","[240, 195, 176]"
1289,"[227, 236, 240]","[236, 226, 227]","[234, 233, 230]","[240, 227, 223]"
613,"[241, 217, 211]","[219, 192, 190]","[223, 176, 169]","[209, 193, 196]"
1533,"[207, 131, 116]","[213, 153, 145]","[213, 137, 131]","[222, 151, 143]"
1785,"[241, 217, 211]","[226, 190, 210]","[230, 204, 216]","[226, 204, 208]"
1151,"[231, 181, 189]","[222, 177, 163]","[213, 173, 162]","[240, 190, 186]"
1559,"[228, 213, 207]","[235, 217, 208]","[232, 228, 225]","[227, 216, 216]"
1725,"[243, 205, 202]","[237, 194, 191]","[236, 192, 188]","[226, 183, 185]"
1942,"[238, 194, 187]","[236, 197, 192]","[239, 193, 191]","[217, 177, 174]"
1228,"[236, 184, 174]","[236, 186, 177]","[237, 188, 180]","[232, 190, 177]"
527,"[224, 196, 204]","[223, 164, 161]","[228, 161, 166]","[226, 178, 182]"
1564,"[221, 138, 137]","[219, 155, 144]","[215, 135, 130]","[232, 132, 117]"
581,"[209, 195, 219]","[228, 196, 218]","[218, 196, 218]","[212, 202, 221]"
1829,"[238, 215, 226]","[236, 186, 199]","[237, 185, 198]","[231, 197, 204]"
831,"[241, 208, 207]","[238, 211, 209]","[242, 213, 208]","[236, 207, 207]"
942,"[231, 224, 233]","[231, 223, 232]","[232, 224, 231]","[239, 234, 241]"
507,"[222, 158, 133]","[229, 161, 137]","[229, 160, 137]","[229, 159, 136]"
949,"[238, 194, 187]","[237, 191, 185]","[237, 189, 182]","[238, 193, 181]"
1433,"[218, 130, 131]","[201, 138, 136]","[201, 125, 136]","[204, 128, 140]"
1463,"[224, 196, 204]","[221, 182, 187]","[228, 181, 192]","[231, 187, 192]"
588,"[241, 217, 211]","[237, 210, 206]","[236, 211, 209]","[220, 193, 197]"
1397,"[238, 194, 187]","[238, 193, 186]","[240, 193, 186]","[242, 197, 184]"
2023,"[231, 181, 189]","[237, 181, 194]","[238, 184, 192]","[234, 184, 189]"
316,"[232, 216, 189]","[231, 214, 191]","[230, 217, 191]","[234, 211, 193]"
998,"[221, 153, 141]","[220, 156, 139]","[218, 155, 139]","[218, 149, 136]"
105,"[221, 153, 141]","[216, 157, 136]","[213, 157, 138]","[241, 163, 152]"
1132,"[233, 165, 140]","[232, 165, 141]","[232, 163, 141]","[237, 168, 148]"
121,"[238, 194, 187]","[237, 193, 189]","[235, 192, 184]","[230, 200, 195]"
554,"[222, 158, 133]","[225, 157, 140]","[222, 154, 139]","[219, 153, 138]"
1177,"[241, 208, 207]","[239, 188, 182]","[242, 194, 191]","[243, 190, 181]"
1980,"[239, 184, 184]","[238, 186, 185]","[238, 185, 181]","[236, 193, 194]"
986,"[249, 231, 215]","[247, 231, 214]","[246, 230, 216]","[244, 225, 214]"
1347,"[236, 184, 174]","[236, 186, 180]","[238, 183, 176]","[234, 182, 171]"
780,"[221, 153, 141]","[232, 164, 140]","[231, 161, 141]","[225, 156, 144]"
115,"[227, 236, 240]","[230, 234, 233]","[232, 231, 233]","[238, 242, 243]"
76,"[166, 71, 64]","[167, 72, 66]","[168, 72, 59]","[177, 87, 66]"
530,"[217, 136, 131]","[218, 151, 146]","[213, 142, 130]","[238, 164, 165]"
1823,"[232, 216, 189]","[231, 208, 190]","[234, 210, 197]","[235, 212, 192]"
1957,"[238, 194, 187]","[238, 194, 187]","[238, 199, 188]","[239, 202, 192]"
1964,"[233, 165, 140]","[230, 160, 139]","[231, 161, 139]","[228, 160, 137]"
1526,"[223, 196, 216]","[224, 197, 216]","[225, 198, 215]","[232, 209, 216]"
1687,"[217, 136, 131]","[221, 144, 139]","[223, 143, 135]","[209, 137, 130]"
1064,"[249, 217, 208]","[246, 213, 206]","[244, 211, 209]","[232, 202, 207]"
1221,"[231, 181, 189]","[233, 205, 212]","[234, 198, 215]","[238, 202, 212]"
1718,"[221, 153, 141]","[229, 168, 154]","[226, 160, 155]","[220, 172, 161]"
985,"[196, 155, 191]","[196, 156, 194]","[196, 155, 191]","[195, 155, 192]"
1420,"[239, 174, 167]","[238, 174, 167]","[238, 174, 172]","[228, 167, 160]"
1753,"[247, 238, 234]","[235, 228, 222]","[234, 224, 225]","[229, 218, 221]"
1481,"[228, 213, 207]","[234, 207, 210]","[229, 211, 210]","[235, 216, 208]"
756,"[243, 205, 202]","[237, 206, 206]","[235, 202, 199]","[241, 206, 204]"
414,"[238, 194, 187]","[238, 195, 188]","[235, 196, 188]","[236, 188, 179]"
2043,"[224, 196, 204]","[231, 208, 215]","[227, 203, 216]","[245, 222, 230]"
849,"[234, 168, 168]","[234, 190, 196]","[230, 195, 199]","[231, 182, 183]"
1960,"[234, 232, 225]","[233, 209, 213]","[228, 218, 227]","[215, 189, 190]"
178,"[217, 136, 131]","[215, 135, 129]","[213, 139, 127]","[220, 138, 131]"
1161,"[228, 213, 207]","[224, 185, 186]","[225, 181, 177]","[228, 187, 180]"
1854,"[221, 153, 141]","[235, 173, 159]","[235, 186, 163]","[238, 184, 173]"
759,"[238, 194, 187]","[237, 196, 184]","[237, 197, 184]","[235, 195, 184]"
636,"[247, 238, 234]","[233, 230, 231]","[234, 225, 224]","[241, 225, 222]"
772,"[235, 179, 176]","[237, 194, 186]","[240, 193, 181]","[245, 193, 188]"
637,"[209, 195, 219]","[212, 195, 218]","[209, 199, 217]","[212, 202, 219]"
978,"[235, 189, 190]","[235, 188, 191]","[236, 185, 187]","[228, 188, 192]"
1001,"[241, 208, 207]","[240, 206, 208]","[242, 208, 204]","[235, 200, 198]"
1106,"[243, 205, 202]","[230, 188, 192]","[231, 193, 203]","[247, 208, 206]"
1858,"[249, 217, 208]","[222, 187, 194]","[228, 193, 182]","[229, 185, 186]"
632,"[238, 194, 187]","[236, 172, 173]","[235, 170, 168]","[234, 169, 160]"
1924,"[249, 217, 208]","[236, 218, 208]","[237, 212, 208]","[241, 209, 211]"
2096,"[239, 174, 167]","[239, 181, 169]","[240, 183, 164]","[234, 166, 155]"
438,"[239, 174, 167]","[238, 181, 172]","[234, 178, 166]","[230, 167, 159]"
1536,"[235, 189, 190]","[235, 188, 189]","[236, 186, 185]","[230, 181, 175]"
1562,"[243, 205, 202]","[236, 205, 205]","[240, 200, 198]","[232, 194, 192]"
1037,"[249, 217, 208]","[232, 199, 199]","[234, 212, 205]","[237, 205, 204]"
1318,"[241, 208, 207]","[240, 215, 204]","[240, 210, 206]","[257, 219, 207]"
63,"[235, 179, 176]","[240, 211, 195]","[238, 203, 191]","[240, 186, 174]"
1647,"[218, 147, 155]","[224, 151, 156]","[220, 148, 153]","[218, 150, 153]"
838,"[236, 184, 174]","[233, 195, 188]","[236, 193, 187]","[239, 192, 182]"
1293,"[188, 123, 126]","[189, 119, 128]","[186, 116, 128]","[186, 121, 130]"
903,"[232, 216, 189]","[232, 214, 195]","[233, 217, 191]","[232, 218, 206]"
1050,"[249, 231, 215]","[235, 219, 203]","[241, 222, 202]","[229, 197, 194]"
1281,"[242, 201, 186]","[237, 204, 194]","[236, 206, 186]","[242, 219, 209]"
2163,"[241, 217, 211]","[238, 208, 211]","[236, 212, 214]","[232, 215, 213]"
1335,"[249, 231, 215]","[237, 192, 216]","[237, 188, 206]","[252, 201, 184]"
2057,"[222, 158, 133]","[224, 160, 135]","[224, 158, 130]","[228, 164, 136]"
1103,"[188, 123, 126]","[192, 124, 124]","[192, 118, 121]","[185, 121, 130]"
862,"[244, 230, 210]","[235, 220, 221]","[236, 225, 228]","[234, 223, 229]"
1901,"[207, 131, 116]","[210, 142, 141]","[212, 158, 159]","[229, 167, 160]"
599,"[231, 181, 189]","[221, 189, 189]","[224, 188, 194]","[225, 174, 179]"
906,"[235, 189, 190]","[236, 188, 188]","[238, 186, 184]","[238, 194, 193]"
205,"[227, 236, 240]","[233, 232, 229]","[233, 234, 231]","[250, 253, 239]"
1709,"[241, 208, 207]","[245, 210, 209]","[247, 211, 206]","[240, 202, 198]"
1765,"[218, 189, 214]","[217, 187, 208]","[215, 186, 212]","[226, 190, 210]"
445,"[234, 232, 225]","[229, 228, 216]","[231, 224, 221]","[221, 218, 215]"
2024,"[221, 229, 230]","[222, 230, 230]","[224, 231, 232]","[235, 238, 240]"
1948,"[234, 168, 168]","[211, 146, 145]","[213, 144, 144]","[215, 157, 159]"
422,"[234, 232, 225]","[233, 224, 210]","[237, 226, 220]","[221, 194, 197]"
1173,"[239, 220, 222]","[238, 219, 221]","[237, 221, 223]","[226, 216, 218]"
1941,"[217, 136, 131]","[221, 159, 158]","[219, 148, 147]","[230, 144, 137]"
23,"[243, 205, 202]","[236, 210, 213]","[238, 205, 205]","[232, 196, 200]"
1855,"[249, 231, 215]","[239, 224, 209]","[239, 224, 206]","[234, 217, 211]"
1719,"[231, 181, 189]","[234, 202, 206]","[236, 206, 208]","[234, 195, 200]"
450,"[249, 231, 215]","[246, 231, 214]","[246, 230, 214]","[250, 229, 217]"
198,"[218, 147, 155]","[222, 153, 159]","[222, 155, 159]","[222, 155, 161]"
49,"[232, 216, 189]","[232, 197, 168]","[233, 203, 171]","[229, 203, 184]"
173,"[235, 189, 190]","[232, 187, 193]","[233, 189, 199]","[232, 188, 187]"
1869,"[166, 71, 64]","[166, 71, 64]","[165, 65, 60]","[172, 78, 63]"
494,"[249, 217, 208]","[236, 216, 216]","[239, 214, 214]","[246, 227, 219]"
1468,"[231, 181, 189]","[235, 214, 212]","[237, 204, 217]","[234, 191, 195]"
308,"[232, 216, 189]","[242, 220, 202]","[241, 219, 199]","[240, 214, 193]"
1303,"[244, 230, 210]","[241, 219, 218]","[238, 223, 220]","[227, 207, 205]"
1366,"[221, 138, 137]","[207, 131, 136]","[206, 140, 130]","[227, 155, 149]"
486,"[239, 220, 222]","[229, 215, 216]","[227, 217, 217]","[218, 208, 217]"
59,"[247, 238, 234]","[245, 234, 231]","[243, 233, 227]","[237, 235, 233]"
71,"[205, 164, 175]","[206, 130, 141]","[210, 143, 145]","[234, 175, 174]"
1345,"[249, 217, 208]","[248, 219, 213]","[247, 216, 214]","[231, 216, 218]"
1950,"[239, 220, 222]","[231, 210, 217]","[236, 218, 219]","[232, 210, 209]"
478,"[231, 224, 233]","[230, 223, 232]","[230, 221, 231]","[247, 233, 238]"
679,"[239, 220, 222]","[233, 212, 218]","[236, 213, 225]","[228, 214, 222]"
